dir,protein_1,abbr,protein_2,abbr,RMSD after refinement,Number of aligned atoms after refinement,Number of refinement cycles,RMSD before refinement,Number of aligned atoms before refinement,Raw alignment score,Number of residues aligned
3FTx,Hh02G004177,3FTx-NC,Hh02G005288,3FTx-NC,9.88032341,459,1,9.88032341,459,324,62
3FTx,Hh02G004177,3FTx-NC,Hh03G008612,3FTx-LNTX,6.128622532,112,5,7.04936552,121,23,20
3FTx,Hh02G004177,3FTx-NC,Hh03G008631,3FTx-SNTX,7.979064465,199,5,13.41247368,243,103,34
3FTx,Hh02G004177,3FTx-NC,Hh03G023188,3FTx-SNTX,3.410802364,160,4,3.709806442,167,70.5,28
3FTx,Hh02G004177,3FTx-NC,Hh03G023189,3FTx-SNTX,3.41260457,159,3,3.715118885,166,65.5,28
3FTx,Hh02G004177,3FTx-NC,Hh03G023190,3FTx-SNTX,3.410802364,160,4,3.709806442,167,70.5,28
3FTx,Hh02G004177,3FTx-NC,HhUnG022166,3FTx-SNTX,12.42542362,219,4,15.80163002,243,103,34
3FTx,Hh02G004177,3FTx-NC,HhUnG023191,3FTx-SNTX,3.410802364,160,4,3.709806204,167,70.5,28
3FTx,Hh02G004177,3FTx-NC,HhUnG023192,3FTx-SNTX,3.41260457,159,3,3.715118885,166,65.5,28
3FTx,Hh02G005288,3FTx-NC,Hh03G008612,3FTx-LNTX,6.788814068,119,3,6.983099937,121,24,20
3FTx,Hh02G005288,3FTx-NC,Hh03G008631,3FTx-SNTX,14.82146168,315,5,15.48650265,323,30,56
3FTx,Hh02G005288,3FTx-NC,Hh03G023188,3FTx-SNTX,3.982265472,138,5,4.869003296,153,55.5,26
3FTx,Hh02G005288,3FTx-NC,Hh03G023189,3FTx-SNTX,4.037144661,138,5,4.857517719,152,50.5,26
3FTx,Hh02G005288,3FTx-NC,Hh03G023190,3FTx-SNTX,3.982265472,138,5,4.869003773,153,55.5,26
3FTx,Hh02G005288,3FTx-NC,HhUnG022166,3FTx-SNTX,9.429597855,116,1,9.429597855,116,22,19
3FTx,Hh02G005288,3FTx-NC,HhUnG023191,3FTx-SNTX,3.982265472,138,5,4.869003296,153,55.5,26
3FTx,Hh02G005288,3FTx-NC,HhUnG023192,3FTx-SNTX,4.037144184,138,5,4.857517719,152,50.5,26
3FTx,Hh03G008612,3FTx-LNTX,Hh03G008631,3FTx-SNTX,7.331503868,243,5,12.93878269,288,68.5,43
3FTx,Hh03G008612,3FTx-LNTX,Hh03G023188,3FTx-SNTX,2.749579668,326,5,4.560576916,396,143.5,57
3FTx,Hh03G008612,3FTx-LNTX,Hh03G023189,3FTx-SNTX,3.371770144,340,5,4.955317974,396,143.5,57
3FTx,Hh03G008612,3FTx-LNTX,Hh03G023190,3FTx-SNTX,2.74957943,326,5,4.560576916,396,143.5,57
3FTx,Hh03G008612,3FTx-LNTX,HhUnG022166,3FTx-SNTX,9.114025116,190,5,11.80782223,211,62.5,30
3FTx,Hh03G008612,3FTx-LNTX,HhUnG023191,3FTx-SNTX,2.749579668,326,5,4.560576916,396,143.5,57
3FTx,Hh03G008612,3FTx-LNTX,HhUnG023192,3FTx-SNTX,3.371770382,340,5,4.955318451,396,143.5,57
3FTx,Hh03G008631,3FTx-SNTX,Hh03G023188,3FTx-SNTX,5.468470573,270,5,13.12505436,343,211,47
3FTx,Hh03G008631,3FTx-SNTX,Hh03G023189,3FTx-SNTX,5.776209354,276,5,13.11622524,343,211,47
3FTx,Hh03G008631,3FTx-SNTX,Hh03G023190,3FTx-SNTX,5.468470573,270,5,13.12505436,343,211,47
3FTx,Hh03G008631,3FTx-SNTX,HhUnG022166,3FTx-SNTX,15.50453186,993,5,22.07242966,1152,747.5,147
3FTx,Hh03G008631,3FTx-SNTX,HhUnG023191,3FTx-SNTX,5.468470573,270,5,13.12505436,343,211,47
3FTx,Hh03G008631,3FTx-SNTX,HhUnG023192,3FTx-SNTX,5.776208878,276,5,13.11622524,343,211,47
3FTx,Hh03G023188,3FTx-SNTX,Hh03G023189,3FTx-SNTX,0.064009845,428,5,1.159752965,615,450,81
3FTx,Hh03G023188,3FTx-SNTX,Hh03G023190,3FTx-SNTX,0,616,0,0,616,455,81
3FTx,Hh03G023188,3FTx-SNTX,HhUnG022166,3FTx-SNTX,9.315700531,245,4,11.75077343,266,199,34
3FTx,Hh03G023188,3FTx-SNTX,HhUnG023191,3FTx-SNTX,0,616,0,0,616,455,81
3FTx,Hh03G023188,3FTx-SNTX,HhUnG023192,3FTx-SNTX,0.064010106,428,5,1.159753323,615,450,81
3FTx,Hh03G023189,3FTx-SNTX,Hh03G023190,3FTx-SNTX,0.064009845,428,5,1.159752965,615,450,81
3FTx,Hh03G023189,3FTx-SNTX,HhUnG022166,3FTx-SNTX,9.3051548,245,4,11.65546131,266,199,34
3FTx,Hh03G023189,3FTx-SNTX,HhUnG023191,3FTx-SNTX,0.064009801,428,5,1.159753084,615,450,81
3FTx,Hh03G023189,3FTx-SNTX,HhUnG023192,3FTx-SNTX,0,617,0,0,617,458,81
3FTx,Hh03G023190,3FTx-SNTX,HhUnG022166,3FTx-SNTX,9.315700531,245,4,11.75077248,266,199,34
3FTx,Hh03G023190,3FTx-SNTX,HhUnG023191,3FTx-SNTX,0,616,0,0,616,455,81
3FTx,Hh03G023190,3FTx-SNTX,HhUnG023192,3FTx-SNTX,0.064009897,428,5,1.159753084,615,450,81
3FTx,HhUnG022166,3FTx-SNTX,HhUnG023191,3FTx-SNTX,9.315700531,245,4,11.75077248,266,199,34
3FTx,HhUnG022166,3FTx-SNTX,HhUnG023192,3FTx-SNTX,9.3051548,245,4,11.65546131,266,199,34
3FTx,HhUnG023191,3FTx-SNTX,HhUnG023192,3FTx-SNTX,0.064009845,428,5,1.159752965,615,450,81
CRISP,Hh01G000001,CRISP,Hh01G002297,CRISP,0.297888249,887,5,16.65111351,1166,752,150
CRISP,Hh01G000001,CRISP,Hh02G004717,CRISP,0.666125238,48,5,2.098570585,68,28,11
CRISP,Hh01G000001,CRISP,Hh03G008934,CRISP,0.604700685,489,5,3.509507656,662,144.5,100
CRISP,Hh01G000001,CRISP,Hh03G008935,CRISP,0.833743274,431,5,10.22125244,677,139.5,98
CRISP,Hh01G000001,CRISP,Hh03G010271,CRISP,0.868749976,551,5,12.53363609,835,167,126
CRISP,Hh01G000001,CRISP,Hh03G010642,CRISP,1.308936357,535,5,16.89272118,809,147,123
CRISP,Hh01G000001,CRISP,Hh04G012535,CRISP,0.557143152,502,5,3.526119709,690,150,104
CRISP,Hh01G000001,CRISP,Hh05G015075,CRISP,1.740740061,480,5,5.013229847,643,129.5,96
CRISP,Hh01G000001,CRISP,Hh10G019333,CRISP,0.53151077,505,5,4.572870255,703,155.5,106
CRISP,Hh01G000001,CRISP,HhUnG022429,CRISP,1.31833899,534,5,15.40411568,809,147,123
CRISP,Hh01G000001,CRISP,HhUnG022502,CRISP,0.542518139,564,5,10.15999126,802,503.5,103
CRISP,Hh01G000001,CRISP,HhUnG022504,CRISP,0.423528522,47,5,2.028065443,68,28,11
CRISP,Hh01G000001,CRISP,HhUnG022505,CRISP,0.531035423,555,5,10.40602112,789,490.5,103
CRISP,Hh01G002297,CRISP,Hh02G004717,CRISP,14.23645592,407,5,16.98228836,440,32,68
CRISP,Hh01G002297,CRISP,Hh03G008934,CRISP,0.647872984,459,5,3.520566702,623,131,94
CRISP,Hh01G002297,CRISP,Hh03G008935,CRISP,0.912995636,441,5,10.09485722,666,130.5,98
CRISP,Hh01G002297,CRISP,Hh03G010271,CRISP,1.395187497,606,5,11.65839672,821,153.5,124
CRISP,Hh01G002297,CRISP,Hh03G010642,CRISP,1.255902767,543,5,18.01566505,802,140.5,123
CRISP,Hh01G002297,CRISP,Hh04G012535,CRISP,0.695153296,539,5,4.579596996,807,154,121
CRISP,Hh01G002297,CRISP,Hh05G015075,CRISP,1.916636348,488,5,9.443421364,673,130,101
CRISP,Hh01G002297,CRISP,Hh10G019333,CRISP,0.560045063,466,5,3.518924236,674,139.5,102
CRISP,Hh01G002297,CRISP,HhUnG022429,CRISP,1.270173788,543,5,16.65006256,802,140.5,123
CRISP,Hh01G002297,CRISP,HhUnG022502,CRISP,0.742564261,593,5,14.88125706,872,479,117
CRISP,Hh01G002297,CRISP,HhUnG022504,CRISP,16.70705605,439,1,16.70705605,439,30,68
CRISP,Hh01G002297,CRISP,HhUnG022505,CRISP,0.761989474,602,5,14.84394741,882,498,117
CRISP,Hh02G004717,CRISP,Hh03G008934,CRISP,6.325482368,215,5,7.448645115,229,73.5,38
CRISP,Hh02G004717,CRISP,Hh03G008935,CRISP,17.30879974,622,2,17.35162354,623,92,102
CRISP,Hh02G004717,CRISP,Hh03G010271,CRISP,5.584494591,263,5,8.299114227,314,75.5,51
CRISP,Hh02G004717,CRISP,Hh03G010642,CRISP,9.889587402,213,1,9.889587402,213,50,35
CRISP,Hh02G004717,CRISP,Hh04G012535,CRISP,18.13464165,844,5,19.20934296,874,115,136
CRISP,Hh02G004717,CRISP,Hh05G015075,CRISP,3.698901892,144,4,4.144324303,152,34,27
CRISP,Hh02G004717,CRISP,Hh10G019333,CRISP,11.24184799,414,5,13.07297421,451,87.5,75
CRISP,Hh02G004717,CRISP,HhUnG022429,CRISP,7.480565548,318,5,12.91280174,408,88,67
CRISP,Hh02G004717,CRISP,HhUnG022502,CRISP,0.831167459,407,5,4.446550369,593,278,92
CRISP,Hh02G004717,CRISP,HhUnG022504,CRISP,3.959826946,818,5,12.26665974,1189,841,152
CRISP,Hh02G004717,CRISP,HhUnG022505,CRISP,0.768999875,406,5,4.483451843,597,276,92
CRISP,Hh03G008934,CRISP,Hh03G008935,CRISP,0.625954032,1227,5,12.81553078,1652,804.5,233
CRISP,Hh03G008934,CRISP,Hh03G010271,CRISP,0.692902088,866,5,9.854929924,1320,329,201
CRISP,Hh03G008934,CRISP,Hh03G010642,CRISP,0.698768377,1005,5,10.66946888,1321,554,187
CRISP,Hh03G008934,CRISP,Hh04G012535,CRISP,1.315349936,949,5,16.47485352,1378,366.5,206
CRISP,Hh03G008934,CRISP,Hh05G015075,CRISP,0.731258988,514,5,4.45828104,806,110,123
CRISP,Hh03G008934,CRISP,Hh10G019333,CRISP,23.2884388,3071,4,28.16113663,3224,1448,457
CRISP,Hh03G008934,CRISP,HhUnG022429,CRISP,0.671845555,1201,5,11.13790798,1535,699,219
CRISP,Hh03G008934,CRISP,HhUnG022502,CRISP,2.213237047,757,5,18.48605728,1156,198,179
CRISP,Hh03G008934,CRISP,HhUnG022504,CRISP,4.034047127,182,5,7.522604465,229,73.5,38
CRISP,Hh03G008934,CRISP,HhUnG022505,CRISP,0.786500275,585,5,7.382769108,933,188.5,147
CRISP,Hh03G008935,CRISP,Hh03G010271,CRISP,0.691668868,868,5,16.44902611,1254,285.5,189
CRISP,Hh03G008935,CRISP,Hh03G010642,CRISP,0.525703907,981,5,7.437533855,1427,644,201
CRISP,Hh03G008935,CRISP,Hh04G012535,CRISP,0.603013813,786,5,6.20155859,1116,334,168
CRISP,Hh03G008935,CRISP,Hh05G015075,CRISP,1.151510835,547,5,7.050889492,845,123,130
CRISP,Hh03G008935,CRISP,Hh10G019333,CRISP,0.422209561,1143,5,21.35795403,1570,729.5,223
CRISP,Hh03G008935,CRISP,HhUnG022429,CRISP,0.437955081,1220,5,8.995160103,1723,836,244
CRISP,Hh03G008935,CRISP,HhUnG022502,CRISP,0.808872283,553,5,8.935119629,801,196.5,122
CRISP,Hh03G008935,CRISP,HhUnG022504,CRISP,14.12398148,572,5,16.51643562,619,84,102
CRISP,Hh03G008935,CRISP,HhUnG022505,CRISP,0.771591842,545,5,8.952596664,796,192.5,122
CRISP,Hh03G010271,CRISP,Hh03G010642,CRISP,0.54801029,621,5,3.498400927,881,229.5,132
CRISP,Hh03G010271,CRISP,Hh04G012535,CRISP,0.735198259,953,5,14.03744316,1445,370,223
CRISP,Hh03G010271,CRISP,Hh05G015075,CRISP,2.698001385,684,5,7.036141872,960,128,146
CRISP,Hh03G010271,CRISP,Hh10G019333,CRISP,0.486078054,811,5,6.763288021,1183,321.5,181
CRISP,Hh03G010271,CRISP,HhUnG022429,CRISP,0.540214479,766,5,3.213910103,1074,295,164
CRISP,Hh03G010271,CRISP,HhUnG022502,CRISP,0.763512552,642,5,5.157100677,918,217.5,142
CRISP,Hh03G010271,CRISP,HhUnG022504,CRISP,5.715108871,267,5,8.141111374,314,76.5,51
CRISP,Hh03G010271,CRISP,HhUnG022505,CRISP,0.776671052,634,5,5.100678444,906,199.5,142
CRISP,Hh03G010642,CRISP,Hh04G012535,CRISP,1.134939909,708,5,20.06835747,1008,237.5,147
CRISP,Hh03G010642,CRISP,Hh05G015075,CRISP,1.002150655,487,5,5.870357513,770,103.5,120
CRISP,Hh03G010642,CRISP,Hh10G019333,CRISP,0.968755603,1041,5,20.47213936,1305,556,181
CRISP,Hh03G010642,CRISP,HhUnG022429,CRISP,0.210781842,1140,5,4.414433956,1682,1143,205
CRISP,Hh03G010642,CRISP,HhUnG022502,CRISP,0.641163707,445,5,4.869138718,656,145,100
CRISP,Hh03G010642,CRISP,HhUnG022504,CRISP,9.984651566,213,1,9.984651566,213,50,35
CRISP,Hh03G010642,CRISP,HhUnG022505,CRISP,0.599208117,437,5,4.874024391,657,147,100
CRISP,Hh04G012535,CRISP,Hh05G015075,CRISP,2.041548967,646,5,5.831037998,913,111.5,144
CRISP,Hh04G012535,CRISP,Hh10G019333,CRISP,1.284085751,894,5,18.37854195,1316,348,196
CRISP,Hh04G012535,CRISP,HhUnG022429,CRISP,0.799420893,842,5,18.35412598,1200,331,178
CRISP,Hh04G012535,CRISP,HhUnG022502,CRISP,0.594896674,540,5,3.622701168,794,203.5,125
CRISP,Hh04G012535,CRISP,HhUnG022504,CRISP,20.57370758,852,5,21.44530106,874,115,136
CRISP,Hh04G012535,CRISP,HhUnG022505,CRISP,0.596746743,540,5,3.594131708,788,204.5,125
CRISP,Hh05G015075,CRISP,Hh10G019333,CRISP,1.685629249,623,5,5.251871109,878,149,134
CRISP,Hh05G015075,CRISP,HhUnG022429,CRISP,0.926414788,563,5,5.823281288,889,117,139
CRISP,Hh05G015075,CRISP,HhUnG022502,CRISP,0.541710496,460,5,3.671598911,684,164,107
CRISP,Hh05G015075,CRISP,HhUnG022504,CRISP,3.045622587,111,5,7.868053436,152,35,27
CRISP,Hh05G015075,CRISP,HhUnG022505,CRISP,0.582092464,458,5,3.683604956,681,167,107
CRISP,Hh10G019333,CRISP,HhUnG022429,CRISP,0.586350679,1176,5,19.41294098,1520,708,213
CRISP,Hh10G019333,CRISP,HhUnG022502,CRISP,0.651676774,568,5,5.168689728,829,200.5,130
CRISP,Hh10G019333,CRISP,HhUnG022504,CRISP,9.3048172,360,5,15.92026615,451,86.5,75
CRISP,Hh10G019333,CRISP,HhUnG022505,CRISP,1.460757971,672,5,10.29645443,1015,203.5,161
CRISP,HhUnG022429,CRISP,HhUnG022502,CRISP,0.802287877,589,5,4.49682045,830,194,130
CRISP,HhUnG022429,CRISP,HhUnG022504,CRISP,5.821644783,287,5,15.3269577,404,80,67
CRISP,HhUnG022429,CRISP,HhUnG022505,CRISP,0.747745156,579,5,4.494928837,831,197,130
CRISP,HhUnG022502,CRISP,HhUnG022504,CRISP,1.441853166,447,5,4.870350361,593,279,92
CRISP,HhUnG022502,CRISP,HhUnG022505,CRISP,0.179205254,1155,5,0.979090035,1496,1035,200
CRISP,HhUnG022504,CRISP,HhUnG022505,CRISP,1.493558884,451,5,4.864086151,597,277,92
LIP,Hh01G001449,LIP,Hh01G002258,LIP,25.48926735,1608,4,25.6121788,1613,60.5,255
LIP,Hh01G001449,LIP,Hh02G007394,LIP,13.76965141,322,5,14.51515388,333,41.5,49
LIP,Hh01G001449,LIP,Hh02G007641,LIP,23.043993,1704,4,23.32810402,1716,71.5,274
LIP,Hh01G001449,LIP,Hh02G008398,LIP,39.93423462,1136,1,39.93423462,1136,50.5,187
LIP,Hh01G001449,LIP,Hh03G009331,LIP,20.74347687,925,3,20.96105194,931,44.5,145
LIP,Hh01G001449,LIP,Hh04G011659,LIP,27.34089851,2541,4,27.77429008,2565,63.5,401
LIP,Hh01G001449,LIP,Hh04G011817,LIP,19.15848351,1089,4,19.41563606,1098,53.5,172
LIP,Hh01G001449,LIP,Hh04G011825,LIP,25.21500778,1807,3,25.41500473,1816,53,286
LIP,Hh01G001449,LIP,Hh04G011826,LIP,27.10307503,1962,4,27.37545776,1974,70,311
LIP,Hh01G001449,LIP,Hh04G011827,LIP,20.81744957,1519,3,20.9338932,1524,71,242
LIP,Hh01G001449,LIP,Hh04G011828,LIP,21.9187851,1345,2,21.944067,1346,60,216
LIP,Hh01G001449,LIP,Hh06G016116,LIP,16.87056923,879,5,17.27744675,892,46.5,147
LIP,Hh01G001449,LIP,Hh10G019063,LIP,28.70169067,1292,2,28.77360153,1294,60.5,203
LIP,Hh01G001449,LIP,Hh10G019167,LIP,26.79840279,693,1,26.79840279,693,51.5,112
LIP,Hh01G001449,LIP,Hh12G020432,LIP,20.27225876,861,2,20.30818176,862,57.5,136
LIP,Hh01G001449,LIP,Hh14G021077,LIP,1.859186888,2828,5,7.156614304,3979,1013.5,606
LIP,Hh01G002258,LIP,Hh02G007394,LIP,18.63357353,853,4,20.30484772,889,38,138
LIP,Hh01G002258,LIP,Hh02G007641,LIP,13.1916008,245,5,15.16373634,265,49.5,38
LIP,Hh01G002258,LIP,Hh02G008398,LIP,18.50909615,1022,5,19.04346085,1039,49.5,165
LIP,Hh01G002258,LIP,Hh03G009331,LIP,18.21655464,920,3,18.84223557,938,74.5,145
LIP,Hh01G002258,LIP,Hh04G011659,LIP,20.56195641,1307,5,21.21495247,1333,55,211
LIP,Hh01G002258,LIP,Hh04G011817,LIP,28.0823288,1825,2,28.20625877,1830,53.5,284
LIP,Hh01G002258,LIP,Hh04G011825,LIP,21.28834152,1206,1,21.28834152,1206,49.5,187
LIP,Hh01G002258,LIP,Hh04G011826,LIP,21.05030632,1043,2,21.08163643,1044,53.5,162
LIP,Hh01G002258,LIP,Hh04G011827,LIP,17.25045967,1340,5,18.05737495,1373,52,216
LIP,Hh01G002258,LIP,Hh04G011828,LIP,17.84118462,1618,5,19.46547318,1702,60,264
LIP,Hh01G002258,LIP,Hh06G016116,LIP,20.60885811,997,3,20.70855904,1000,76,152
LIP,Hh01G002258,LIP,Hh10G019063,LIP,20.30929565,1269,4,20.68328094,1283,62,197
LIP,Hh01G002258,LIP,Hh10G019167,LIP,12.17193222,546,2,12.24750137,548,64.5,84
LIP,Hh01G002258,LIP,Hh12G020432,LIP,16.5259552,571,1,16.5259552,571,42.5,88
LIP,Hh01G002258,LIP,Hh14G021077,LIP,17.83942223,956,5,21.30614662,1040,67.5,165
LIP,Hh02G007394,LIP,Hh02G007641,LIP,1.005224228,1374,5,9.928889275,2105,442.5,328
LIP,Hh02G007394,LIP,Hh02G008398,LIP,1.066653013,1031,5,12.27662182,1640,346.5,257
LIP,Hh02G007394,LIP,Hh03G009331,LIP,15.99706173,294,1,15.99706173,294,43.5,47
LIP,Hh02G007394,LIP,Hh04G011659,LIP,1.371258259,1382,5,17.55820847,2045,353.5,315
LIP,Hh02G007394,LIP,Hh04G011817,LIP,18.80575943,793,1,18.80575943,793,52,122
LIP,Hh02G007394,LIP,Hh04G011825,LIP,23.84327126,1465,5,24.09759331,1475,54.5,235
LIP,Hh02G007394,LIP,Hh04G011826,LIP,17.11162758,655,4,17.44715691,663,36,104
LIP,Hh02G007394,LIP,Hh04G011827,LIP,18.73809814,771,4,19.92734718,798,41,126
LIP,Hh02G007394,LIP,Hh04G011828,LIP,26.12237549,1720,5,29.810215,1825,55,286
LIP,Hh02G007394,LIP,Hh06G016116,LIP,1.003004551,1600,5,3.846818686,2177,635.5,330
LIP,Hh02G007394,LIP,Hh10G019063,LIP,14.92703342,495,1,14.92703342,495,42.5,74
LIP,Hh02G007394,LIP,Hh10G019167,LIP,17.08372307,941,5,22.11175728,1047,52,167
LIP,Hh02G007394,LIP,Hh12G020432,LIP,0.905935049,1437,5,12.41069984,2265,476,352
LIP,Hh02G007394,LIP,Hh14G021077,LIP,21.63582993,811,1,21.63582993,811,46,130
LIP,Hh02G007641,LIP,Hh02G008398,LIP,6.984215736,2250,5,9.181887627,2489,741,364
LIP,Hh02G007641,LIP,Hh03G009331,LIP,18.22785187,939,5,21.30443001,1006,54,159
LIP,Hh02G007641,LIP,Hh04G011659,LIP,1.991780519,1339,5,9.211705208,1892,353.5,287
LIP,Hh02G007641,LIP,Hh04G011817,LIP,27.03678894,2067,3,27.2222538,2075,66.5,328
LIP,Hh02G007641,LIP,Hh04G011825,LIP,16.91554451,922,5,18.19463348,959,58.5,152
LIP,Hh02G007641,LIP,Hh04G011826,LIP,23.28186035,1830,1,23.28186035,1830,76.5,287
LIP,Hh02G007641,LIP,Hh04G011827,LIP,17.98755074,489,1,17.98755074,489,37.5,74
LIP,Hh02G007641,LIP,Hh04G011828,LIP,15.39347076,1221,5,20.41108894,1397,59.5,218
LIP,Hh02G007641,LIP,Hh06G016116,LIP,1.34083426,1548,5,7.01176548,2290,419,350
LIP,Hh02G007641,LIP,Hh10G019063,LIP,20.80979729,1298,2,20.8895092,1301,74,200
LIP,Hh02G007641,LIP,Hh10G019167,LIP,20.58966827,1625,5,24.53132057,1770,47.5,278
LIP,Hh02G007641,LIP,Hh12G020432,LIP,0.869725823,2052,5,2.782943964,2670,919.5,388
LIP,Hh02G007641,LIP,Hh14G021077,LIP,22.89046097,1281,1,22.89046097,1281,50.5,197
LIP,Hh02G008398,LIP,Hh03G009331,LIP,12.00414181,581,5,13.35946941,611,44.5,98
LIP,Hh02G008398,LIP,Hh04G011659,LIP,7.669252872,1282,5,15.07655334,1712,300.5,264
LIP,Hh02G008398,LIP,Hh04G011817,LIP,16.8122921,695,1,16.8122921,695,46.5,107
LIP,Hh02G008398,LIP,Hh04G011825,LIP,24.402565,566,5,25.22862816,578,50.5,82
LIP,Hh02G008398,LIP,Hh04G011826,LIP,9.753695488,435,5,12.88835239,489,36,74
LIP,Hh02G008398,LIP,Hh04G011827,LIP,23.65405273,1433,5,24.26114273,1455,43,222
LIP,Hh02G008398,LIP,Hh04G011828,LIP,20.63612175,943,2,20.70337677,945,45.5,149
LIP,Hh02G008398,LIP,Hh06G016116,LIP,4.841934204,1488,5,11.97132492,1954,310,305
LIP,Hh02G008398,LIP,Hh10G019063,LIP,19.84274483,978,5,20.61592102,1000,61,155
LIP,Hh02G008398,LIP,Hh10G019167,LIP,20.66825485,977,5,21.92646027,1011,46.5,155
LIP,Hh02G008398,LIP,Hh12G020432,LIP,6.442818165,2207,5,7.040542603,2289,715,341
LIP,Hh02G008398,LIP,Hh14G021077,LIP,19.04219437,1037,5,22.67779922,1130,59.5,181
LIP,Hh03G009331,LIP,Hh04G011659,LIP,19.67926025,1187,5,20.29664803,1208,63,194
LIP,Hh03G009331,LIP,Hh04G011817,LIP,30.34152603,872,1,30.34152603,872,63,136
LIP,Hh03G009331,LIP,Hh04G011825,LIP,17.21621323,748,5,17.43544579,754,72,115
LIP,Hh03G009331,LIP,Hh04G011826,LIP,5.027224541,681,5,14.09882641,883,56.5,140
LIP,Hh03G009331,LIP,Hh04G011827,LIP,11.07761002,1035,5,16.56866074,1255,69,194
LIP,Hh03G009331,LIP,Hh04G011828,LIP,15.37470722,680,1,15.37470722,680,56,110
LIP,Hh03G009331,LIP,Hh06G016116,LIP,18.69824219,987,1,18.69824219,987,56.5,155
LIP,Hh03G009331,LIP,Hh10G019063,LIP,11.97268581,194,5,17.33525467,230,43,37
LIP,Hh03G009331,LIP,Hh10G019167,LIP,18.03178215,612,1,18.03178215,612,40,95
LIP,Hh03G009331,LIP,Hh12G020432,LIP,23.06545258,1060,1,23.06545258,1060,49,165
LIP,Hh03G009331,LIP,Hh14G021077,LIP,19.58437157,1207,3,19.99392509,1221,42,199
LIP,Hh04G011659,LIP,Hh04G011817,LIP,28.61946678,1982,4,29.13737679,2004,60,313
LIP,Hh04G011659,LIP,Hh04G011825,LIP,23.62601471,1283,1,23.62601471,1283,61.5,200
LIP,Hh04G011659,LIP,Hh04G011826,LIP,14.10810852,566,5,16.12559509,609,46.5,96
LIP,Hh04G011659,LIP,Hh04G011827,LIP,19.61660576,988,1,19.61660576,988,54.5,155
LIP,Hh04G011659,LIP,Hh04G011828,LIP,26.92887497,1766,1,26.92887497,1766,63,273
LIP,Hh04G011659,LIP,Hh06G016116,LIP,0.948630452,1218,5,11.19161701,1795,406.5,276
LIP,Hh04G011659,LIP,Hh10G019063,LIP,24.31058121,1786,1,24.31058121,1786,70.5,279
LIP,Hh04G011659,LIP,Hh10G019167,LIP,24.30834198,1923,5,26.7960968,2024,67,317
LIP,Hh04G011659,LIP,Hh12G020432,LIP,5.651803493,1617,5,18.81542778,2358,385.5,368
LIP,Hh04G011659,LIP,Hh14G021077,LIP,17.41786766,866,2,17.51569557,869,64.5,138
LIP,Hh04G011817,LIP,Hh04G011825,LIP,22.89204216,2693,5,25.78802872,2849,824,411
LIP,Hh04G011817,LIP,Hh04G011826,LIP,0.570471406,1822,5,2.754324436,2558,878.5,368
LIP,Hh04G011817,LIP,Hh04G011827,LIP,0.479475528,1833,5,3.574653387,2478,866.5,356
LIP,Hh04G011817,LIP,Hh04G011828,LIP,23.34472847,3811,1,23.34472847,3811,1096.5,560
LIP,Hh04G011817,LIP,Hh06G016116,LIP,14.10262394,988,4,14.90748787,1017,71.5,157
LIP,Hh04G011817,LIP,Hh10G019063,LIP,21.03010368,1823,5,22.13286781,1878,69,287
LIP,Hh04G011817,LIP,Hh10G019167,LIP,20.08342743,1294,2,20.10989571,1295,62,198
LIP,Hh04G011817,LIP,Hh12G020432,LIP,15.19673252,627,1,15.19673252,627,52.5,101
LIP,Hh04G011817,LIP,Hh14G021077,LIP,24.90283585,2140,1,24.90283585,2140,52.5,340
LIP,Hh04G011825,LIP,Hh04G011826,LIP,0.652503669,1752,5,14.43408871,2635,1099.5,360
LIP,Hh04G011825,LIP,Hh04G011827,LIP,0.601352572,1867,5,3.812470436,2389,944,336
LIP,Hh04G011825,LIP,Hh04G011828,LIP,14.75105762,2659,5,20.47030258,3061,676,455
LIP,Hh04G011825,LIP,Hh06G016116,LIP,19.92214966,1045,3,21.08602905,1072,70.5,166
LIP,Hh04G011825,LIP,Hh10G019063,LIP,23.94563103,1848,4,26.44326591,1939,75.5,298
LIP,Hh04G011825,LIP,Hh10G019167,LIP,19.44030571,1525,3,20.95659065,1581,47,243
LIP,Hh04G011825,LIP,Hh12G020432,LIP,22.83993912,1767,1,22.83993912,1767,58.5,280
LIP,Hh04G011825,LIP,Hh14G021077,LIP,24.13005638,2332,5,27.52464676,2510,64.5,400
LIP,Hh04G011826,LIP,Hh04G011827,LIP,0.499414146,2024,5,2.114666462,2791,1131,389
LIP,Hh04G011826,LIP,Hh04G011828,LIP,0.781413317,1733,5,2.794768095,2356,705,343
LIP,Hh04G011826,LIP,Hh06G016116,LIP,23.24029922,1792,1,23.24029922,1792,63,277
LIP,Hh04G011826,LIP,Hh10G019063,LIP,21.01584244,1608,5,21.51374817,1631,52.5,241
LIP,Hh04G011826,LIP,Hh10G019167,LIP,20.58644676,1587,5,21.63056564,1633,57.5,256
LIP,Hh04G011826,LIP,Hh12G020432,LIP,17.21959305,386,1,17.21959305,386,59,59
LIP,Hh04G011826,LIP,Hh14G021077,LIP,21.50065804,783,3,21.58548927,785,65.5,122
LIP,Hh04G011827,LIP,Hh04G011828,LIP,0.700637877,1704,5,2.931530952,2359,789.5,340
LIP,Hh04G011827,LIP,Hh06G016116,LIP,17.74878883,1251,4,18.45730782,1280,74,201
LIP,Hh04G011827,LIP,Hh10G019063,LIP,15.86767101,1455,5,18.64575768,1586,60.5,240
LIP,Hh04G011827,LIP,Hh10G019167,LIP,21.75536537,1354,5,22.57200432,1382,66,212
LIP,Hh04G011827,LIP,Hh12G020432,LIP,15.53007221,784,5,17.17822838,827,60,129
LIP,Hh04G011827,LIP,Hh14G021077,LIP,21.46537399,1546,5,23.25985718,1613,52.5,256
LIP,Hh04G011828,LIP,Hh06G016116,LIP,15.05605221,1059,5,19.14605141,1161,66,182
LIP,Hh04G011828,LIP,Hh10G019063,LIP,18.23964691,1103,5,20.95686722,1171,75.5,177
LIP,Hh04G011828,LIP,Hh10G019167,LIP,19.70731163,1126,5,23.37621498,1239,58,193
LIP,Hh04G011828,LIP,Hh12G020432,LIP,22.35087395,1796,4,22.61394501,1808,59,291
LIP,Hh04G011828,LIP,Hh14G021077,LIP,23.80788994,1591,5,25.80993462,1667,66.5,263
LIP,Hh06G016116,LIP,Hh10G019063,LIP,18.93471527,1180,5,19.25335503,1192,54,179
LIP,Hh06G016116,LIP,Hh10G019167,LIP,18.0884819,1379,5,19.90473747,1447,58.5,230
LIP,Hh06G016116,LIP,Hh12G020432,LIP,1.484080553,1537,5,5.679137707,2252,408,342
LIP,Hh06G016116,LIP,Hh14G021077,LIP,21.10420227,1294,5,22.31855011,1334,57,211
LIP,Hh10G019063,LIP,Hh10G019167,LIP,0.604956746,2233,5,7.859361649,2832,1095,401
LIP,Hh10G019063,LIP,Hh12G020432,LIP,19.36778069,801,1,19.36778069,801,51.5,126
LIP,Hh10G019063,LIP,Hh14G021077,LIP,19.71405029,1383,2,19.73808098,1384,64.5,216
LIP,Hh10G019167,LIP,Hh12G020432,LIP,17.45580292,400,1,17.45580292,400,34,61
LIP,Hh10G019167,LIP,Hh14G021077,LIP,24.86574173,1721,5,25.16739655,1734,68,270
LIP,Hh12G020432,LIP,Hh14G021077,LIP,15.42163849,616,2,15.55121231,619,49.5,94
PLA2,Hh01G001590,PLA2-I,Hh01G004111,PLA2,4.552285194,299,5,5.847799301,333,86.5,51
PLA2,Hh01G001590,PLA2-I,Hh03G008694,PLA2,1.29229188,505,5,2.638944626,635,193,103
PLA2,Hh01G001590,PLA2-I,Hh04G011863,PLA2,8.051044464,365,3,8.408050537,372,49,63
PLA2,Hh01G001590,PLA2-I,Hh06G015957,PLA2,6.595833302,533,5,9.639551163,641,143,98
PLA2,Hh01G001590,PLA2-I,Hh07G017101,PLA2,1.764572859,203,5,5.021970749,268,69,43
PLA2,Hh01G001590,PLA2-I,Hh11G019715,PLA2-I,0.91727525,260,5,5.435089588,405,110,65
PLA2,Hh01G001590,PLA2-I,Hh11G019716,PLA2-I,13.19122601,441,4,13.66388512,450,74,72
PLA2,Hh01G001590,PLA2-I,Hh11G019743,PLA2,5.108252525,276,5,7.764482498,336,59.5,52
PLA2,Hh01G001590,PLA2-I,Hh14G020926,PLA2,0.645114541,516,5,2.647054195,737,203.5,118
PLA2,Hh01G001590,PLA2-I,Hh16G021921,PLA2-I,0.535324454,460,5,1.757525802,618,201,97
PLA2,Hh01G004111,PLA2,Hh03G008694,PLA2,27.93727875,972,1,27.93727875,972,87,156
PLA2,Hh01G004111,PLA2,Hh04G011863,PLA2,13.83511066,449,4,15.5138073,472,49,77
PLA2,Hh01G004111,PLA2,Hh06G015957,PLA2,13.19515228,473,4,19.88676834,538,80,83
PLA2,Hh01G004111,PLA2,Hh07G017101,PLA2,25.9995594,881,5,33.22170639,973,75,157
PLA2,Hh01G004111,PLA2,Hh11G019715,PLA2-I,7.933402061,124,1,7.933402061,124,27.5,22
PLA2,Hh01G004111,PLA2,Hh11G019716,PLA2-I,7.235883713,168,3,7.65419054,173,44,27
PLA2,Hh01G004111,PLA2,Hh11G019743,PLA2,37.19544601,1952,1,37.19544601,1952,447.5,301
PLA2,Hh01G004111,PLA2,Hh14G020926,PLA2,5.534571648,263,5,8.266309738,321,58.5,49
PLA2,Hh01G004111,PLA2,Hh16G021921,PLA2-I,16.21794128,682,4,17.16596413,698,95.5,108
PLA2,Hh03G008694,PLA2,Hh04G011863,PLA2,14.15196419,652,5,15.99824047,698,64.5,113
PLA2,Hh03G008694,PLA2,Hh06G015957,PLA2,2.152411938,512,5,9.031686783,786,148.5,125
PLA2,Hh03G008694,PLA2,Hh07G017101,PLA2,14.15914345,631,5,18.13917923,709,77.5,115
PLA2,Hh03G008694,PLA2,Hh11G019715,PLA2-I,1.091799378,384,5,4.963822365,546,151.5,85
PLA2,Hh03G008694,PLA2,Hh11G019716,PLA2-I,6.037950516,349,5,10.10461235,425,103,66
PLA2,Hh03G008694,PLA2,Hh11G019743,PLA2,33.5873642,1480,5,38.90789795,1604,112.5,258
PLA2,Hh03G008694,PLA2,Hh14G020926,PLA2,0.722434819,511,5,4.787021637,711,230.5,113
PLA2,Hh03G008694,PLA2,Hh16G021921,PLA2-I,9.560726166,1102,5,26.3114624,1462,227.5,232
PLA2,Hh04G011863,PLA2,Hh06G015957,PLA2,11.25258255,233,4,11.49744034,236,78.5,37
PLA2,Hh04G011863,PLA2,Hh07G017101,PLA2,1.017678618,835,5,23.9160614,1206,448,184
PLA2,Hh04G011863,PLA2,Hh11G019715,PLA2-I,22.9722271,484,1,22.9722271,484,50,79
PLA2,Hh04G011863,PLA2,Hh11G019716,PLA2-I,6.034737587,185,5,7.976466179,213,38,34
PLA2,Hh04G011863,PLA2,Hh11G019743,PLA2,12.36666965,540,2,12.44592285,542,65,87
PLA2,Hh04G011863,PLA2,Hh14G020926,PLA2,17.25021362,529,1,17.25021362,529,58,85
PLA2,Hh04G011863,PLA2,Hh16G021921,PLA2-I,14.94425964,402,1,14.94425964,402,61.5,66
PLA2,Hh06G015957,PLA2,Hh07G017101,PLA2,11.6080122,244,3,11.77240372,246,76.5,38
PLA2,Hh06G015957,PLA2,Hh11G019715,PLA2-I,14.0289669,325,1,14.0289669,325,68.5,50
PLA2,Hh06G015957,PLA2,Hh11G019716,PLA2-I,1.067625403,164,5,9.316005707,251,76,38
PLA2,Hh06G015957,PLA2,Hh11G019743,PLA2,11.25299931,471,1,11.25299931,471,48,75
PLA2,Hh06G015957,PLA2,Hh14G020926,PLA2,1.129543424,532,5,7.872073174,852,263,132
PLA2,Hh06G015957,PLA2,Hh16G021921,PLA2-I,1.280696273,374,5,6.134544373,536,172,80
PLA2,Hh07G017101,PLA2,Hh11G019715,PLA2-I,16.72356415,431,1,16.72356415,431,47,68
PLA2,Hh07G017101,PLA2,Hh11G019716,PLA2-I,10.19108295,256,2,10.25755882,257,43.5,38
PLA2,Hh07G017101,PLA2,Hh11G019743,PLA2,25.9268322,782,5,35.41530609,908,62,148
PLA2,Hh07G017101,PLA2,Hh14G020926,PLA2,19.55969238,414,1,19.55969238,414,67,67
PLA2,Hh07G017101,PLA2,Hh16G021921,PLA2-I,23.47935486,834,1,23.47935486,834,77,136
PLA2,Hh11G019715,PLA2-I,Hh11G019716,PLA2-I,12.03305244,621,5,14.86326885,688,366,99
PLA2,Hh11G019715,PLA2-I,Hh11G019743,PLA2,15.57284927,386,1,15.57284927,386,52.5,62
PLA2,Hh11G019715,PLA2-I,Hh14G020926,PLA2,1.305760741,387,5,9.599152565,552,171,84
PLA2,Hh11G019715,PLA2-I,Hh16G021921,PLA2-I,1.477407813,463,5,13.50584221,680,138.5,107
PLA2,Hh11G019716,PLA2-I,Hh11G019743,PLA2,9.064195633,266,1,9.064195633,266,47,42
PLA2,Hh11G019716,PLA2-I,Hh14G020926,PLA2,7.017292976,360,5,12.00904751,427,131,66
PLA2,Hh11G019716,PLA2-I,Hh16G021921,PLA2-I,14.79228306,596,5,15.95506001,623,116.5,97
PLA2,Hh11G019743,PLA2,Hh14G020926,PLA2,10.0602026,469,2,10.12774277,471,65,75
PLA2,Hh11G019743,PLA2,Hh16G021921,PLA2-I,9.94123745,286,2,10.05559349,288,82,45
PLA2,Hh14G020926,PLA2,Hh16G021921,PLA2-I,0.509367645,479,5,2.070631027,677,231.5,104
PLI,Hh01G000167,PLI-¦Â,Hh04G011985,PLI-¦Á,26.16419983,291,1,26.16419983,291,35,48
PLI,Hh01G000167,PLI-¦Â,Hh04G011988,PLI-¦Á,23.39305305,437,1,23.39305305,437,36,69
PLI,Hh01G000167,PLI-¦Â,Hh04G012236,PLI-¦Ã,13.35113239,434,5,16.66350555,481,43.5,80
PLI,Hh01G000167,PLI-¦Â,Hh09G018735,PLI-¦Ã,23.97537613,1543,5,24.79685783,1576,64,253
PLI,Hh01G000167,PLI-¦Â,Hh09G018736,PLI-¦Ã,19.80163765,502,2,19.86701775,503,48,80
PLI,Hh01G000167,PLI-¦Â,Hh09G018747,PLI-¦Ã,15.87201595,278,2,16.07867432,280,53,46
PLI,Hh01G000167,PLI-¦Â,Hh09G018748,PLI-¦Ã,23.21546364,1024,5,24.73260498,1060,52.5,169
PLI,Hh01G000167,PLI-¦Â,Hh09G018751,PLI-¦Ã,7.163474083,147,1,7.163474083,147,34,23
PLI,Hh01G000167,PLI-¦Â,Hh09G018752,PLI-¦Ã,19.85174561,560,3,20.45619774,570,32.5,87
PLI,Hh01G000167,PLI-¦Â,Hh09G018753,PLI-¦Ã,19.22626305,1014,1,19.22626305,1014,53,166
PLI,Hh01G000167,PLI-¦Â,Hh09G018755,PLI-¦Ã,12.39040565,381,2,12.49742985,383,51,64
PLI,Hh01G000167,PLI-¦Â,Hh09G018756,PLI-¦Ã,17.74473953,258,1,17.74473953,258,36.5,42
PLI,Hh01G000167,PLI-¦Â,Hh09G018757,PLI-¦Ã,13.96588898,452,3,14.06578064,454,31.5,77
PLI,Hh01G000167,PLI-¦Â,Hh09G018758,PLI-¦Ã,19.14067459,524,3,19.45303154,529,35,89
PLI,Hh01G000167,PLI-¦Â,Hh09G018759,PLI-¦Ã,21.40097618,746,5,21.7530632,754,47,128
PLI,Hh04G011985,PLI-¦Á,Hh04G011988,PLI-¦Á,0.74566257,984,5,6.65088129,1266,809,168
PLI,Hh04G011985,PLI-¦Á,Hh04G012236,PLI-¦Ã,11.85162735,288,5,13.74187469,311,29.5,51
PLI,Hh04G011985,PLI-¦Á,Hh09G018735,PLI-¦Ã,6.622223377,112,1,6.622223377,112,29,18
PLI,Hh04G011985,PLI-¦Á,Hh09G018736,PLI-¦Ã,7.524425507,128,3,7.709156036,130,29,20
PLI,Hh04G011985,PLI-¦Á,Hh09G018747,PLI-¦Ã,25.925951,453,1,25.925951,453,33.5,74
PLI,Hh04G011985,PLI-¦Á,Hh09G018748,PLI-¦Ã,8.866250038,137,1,8.866250038,137,28,20
PLI,Hh04G011985,PLI-¦Á,Hh09G018751,PLI-¦Ã,9.367684364,143,1,9.367684364,143,32,23
PLI,Hh04G011985,PLI-¦Á,Hh09G018752,PLI-¦Ã,5.233781815,96,3,5.522722721,99,23.5,16
PLI,Hh04G011985,PLI-¦Á,Hh09G018753,PLI-¦Ã,14.4145546,210,3,15.04404736,215,36,35
PLI,Hh04G011985,PLI-¦Á,Hh09G018755,PLI-¦Ã,7.866868496,119,1,7.866868496,119,30.5,21
PLI,Hh04G011985,PLI-¦Á,Hh09G018756,PLI-¦Ã,4.365653515,119,4,6.046761036,135,29,23
PLI,Hh04G011985,PLI-¦Á,Hh09G018757,PLI-¦Ã,3.59496665,124,5,4.399999142,137,28,21
PLI,Hh04G011985,PLI-¦Á,Hh09G018758,PLI-¦Ã,9.484261513,135,2,9.610782623,136,32,22
PLI,Hh04G011985,PLI-¦Á,Hh09G018759,PLI-¦Ã,12.3801403,212,3,13.10997868,218,40.5,35
PLI,Hh04G011988,PLI-¦Á,Hh04G012236,PLI-¦Ã,5.55821991,115,5,10.00548267,146,28,26
PLI,Hh04G011988,PLI-¦Á,Hh09G018735,PLI-¦Ã,15.16713619,392,1,15.16713619,392,34.5,66
PLI,Hh04G011988,PLI-¦Á,Hh09G018736,PLI-¦Ã,15.71411037,331,4,17.21422386,346,31,60
PLI,Hh04G011988,PLI-¦Á,Hh09G018747,PLI-¦Ã,11.38533401,268,5,18.0684185,331,30.5,55
PLI,Hh04G011988,PLI-¦Á,Hh09G018748,PLI-¦Ã,14.34527016,320,2,14.4250412,321,26,52
PLI,Hh04G011988,PLI-¦Á,Hh09G018751,PLI-¦Ã,25.10006714,365,1,25.10006714,365,30.5,64
PLI,Hh04G011988,PLI-¦Á,Hh09G018752,PLI-¦Ã,5.639879704,94,3,6.118470669,98,23.5,16
PLI,Hh04G011988,PLI-¦Á,Hh09G018753,PLI-¦Ã,14.45799446,210,4,15.06903744,215,36,35
PLI,Hh04G011988,PLI-¦Á,Hh09G018755,PLI-¦Ã,9.988041878,236,4,10.35098934,241,37,40
PLI,Hh04G011988,PLI-¦Á,Hh09G018756,PLI-¦Ã,11.30434322,162,2,11.4195385,163,23,28
PLI,Hh04G011988,PLI-¦Á,Hh09G018757,PLI-¦Ã,2.008631706,101,5,4.477218628,137,28,21
PLI,Hh04G011988,PLI-¦Á,Hh09G018758,PLI-¦Ã,10.05170155,134,1,10.05170155,134,31,22
PLI,Hh04G011988,PLI-¦Á,Hh09G018759,PLI-¦Ã,7.673738003,138,4,9.093970299,150,37,24
PLI,Hh04G012236,PLI-¦Ã,Hh09G018735,PLI-¦Ã,3.730059624,807,5,9.153488159,1057,180.5,179
PLI,Hh04G012236,PLI-¦Ã,Hh09G018736,PLI-¦Ã,2.582947731,808,5,7.842360973,1167,140,198
PLI,Hh04G012236,PLI-¦Ã,Hh09G018747,PLI-¦Ã,3.668519497,835,5,8.170002937,1077,191.5,192
PLI,Hh04G012236,PLI-¦Ã,Hh09G018748,PLI-¦Ã,2.819102049,934,5,18.09079933,1152,216,194
PLI,Hh04G012236,PLI-¦Ã,Hh09G018751,PLI-¦Ã,3.424200296,939,5,8.756839752,1165,214.5,199
PLI,Hh04G012236,PLI-¦Ã,Hh09G018752,PLI-¦Ã,4.207977295,305,5,9.175785065,364,99.5,61
PLI,Hh04G012236,PLI-¦Ã,Hh09G018753,PLI-¦Ã,20.74077797,1001,5,23.67714119,1057,186,177
PLI,Hh04G012236,PLI-¦Ã,Hh09G018755,PLI-¦Ã,2.175448656,876,5,7.936779976,1179,259,199
PLI,Hh04G012236,PLI-¦Ã,Hh09G018756,PLI-¦Ã,1.428539515,284,5,4.791378498,384,91,65
PLI,Hh04G012236,PLI-¦Ã,Hh09G018757,PLI-¦Ã,1.001255512,282,5,4.455802441,386,85,65
PLI,Hh04G012236,PLI-¦Ã,Hh09G018758,PLI-¦Ã,1.135280252,266,5,4.910171032,373,93,62
PLI,Hh04G012236,PLI-¦Ã,Hh09G018759,PLI-¦Ã,1.752007127,920,5,5.431022644,1248,314,210
PLI,Hh09G018735,PLI-¦Ã,Hh09G018736,PLI-¦Ã,16.63140869,827,5,21.69719315,937,125.5,154
PLI,Hh09G018735,PLI-¦Ã,Hh09G018747,PLI-¦Ã,16.50040627,955,4,20.24019051,1028,161.5,173
PLI,Hh09G018735,PLI-¦Ã,Hh09G018748,PLI-¦Ã,24.44320679,1686,5,25.66551208,1726,182.5,283
PLI,Hh09G018735,PLI-¦Ã,Hh09G018751,PLI-¦Ã,14.68166256,901,5,17.55380058,990,116,164
PLI,Hh09G018735,PLI-¦Ã,Hh09G018752,PLI-¦Ã,24.98183823,710,1,24.98183823,710,76,116
PLI,Hh09G018735,PLI-¦Ã,Hh09G018753,PLI-¦Ã,21.92339897,1372,5,24.20092964,1439,198,237
PLI,Hh09G018735,PLI-¦Ã,Hh09G018755,PLI-¦Ã,14.91103745,971,5,20.24939537,1115,142.5,188
PLI,Hh09G018735,PLI-¦Ã,Hh09G018756,PLI-¦Ã,13.28055191,531,5,14.58008862,560,84,92
PLI,Hh09G018735,PLI-¦Ã,Hh09G018757,PLI-¦Ã,5.553487778,420,5,11.54375172,567,94,93
PLI,Hh09G018735,PLI-¦Ã,Hh09G018758,PLI-¦Ã,4.047537804,394,5,10.7651186,562,103,97
PLI,Hh09G018735,PLI-¦Ã,Hh09G018759,PLI-¦Ã,2.986377478,696,5,8.022585869,888,172.5,149
PLI,Hh09G018736,PLI-¦Ã,Hh09G018747,PLI-¦Ã,5.22571373,987,5,6.066840172,1050,193,176
PLI,Hh09G018736,PLI-¦Ã,Hh09G018748,PLI-¦Ã,3.788873434,714,5,6.295229435,889,99.5,145
PLI,Hh09G018736,PLI-¦Ã,Hh09G018751,PLI-¦Ã,6.181282997,658,5,12.45324612,877,118.5,145
PLI,Hh09G018736,PLI-¦Ã,Hh09G018752,PLI-¦Ã,4.748422623,304,5,11.7399683,357,63.5,59
PLI,Hh09G018736,PLI-¦Ã,Hh09G018753,PLI-¦Ã,10.46999454,822,5,25.70128059,1070,98,177
PLI,Hh09G018736,PLI-¦Ã,Hh09G018755,PLI-¦Ã,11.24836063,982,5,15.94458771,1178,149,197
PLI,Hh09G018736,PLI-¦Ã,Hh09G018756,PLI-¦Ã,23.62078094,601,1,23.62078094,601,52.5,99
PLI,Hh09G018736,PLI-¦Ã,Hh09G018757,PLI-¦Ã,12.39668941,586,5,13.8493948,620,64.5,105
PLI,Hh09G018736,PLI-¦Ã,Hh09G018758,PLI-¦Ã,11.1207695,525,5,13.36138058,583,71,97
PLI,Hh09G018736,PLI-¦Ã,Hh09G018759,PLI-¦Ã,3.420330524,806,5,5.166064739,951,126.5,160
PLI,Hh09G018747,PLI-¦Ã,Hh09G018748,PLI-¦Ã,2.214784384,665,5,4.285727024,860,174,143
PLI,Hh09G018747,PLI-¦Ã,Hh09G018751,PLI-¦Ã,5.911726475,913,5,9.379413605,1076,150,186
PLI,Hh09G018747,PLI-¦Ã,Hh09G018752,PLI-¦Ã,24.25174332,710,1,24.25174332,710,52,115
PLI,Hh09G018747,PLI-¦Ã,Hh09G018753,PLI-¦Ã,21.08024216,941,5,21.59884453,955,139,161
PLI,Hh09G018747,PLI-¦Ã,Hh09G018755,PLI-¦Ã,2.871937513,616,5,10.52999973,855,180,144
PLI,Hh09G018747,PLI-¦Ã,Hh09G018756,PLI-¦Ã,3.386769295,436,5,7.623553753,592,67.5,101
PLI,Hh09G018747,PLI-¦Ã,Hh09G018757,PLI-¦Ã,14.07884789,280,1,14.07884789,280,51.5,46
PLI,Hh09G018747,PLI-¦Ã,Hh09G018758,PLI-¦Ã,8.822657585,482,5,11.32111645,551,76.5,92
PLI,Hh09G018747,PLI-¦Ã,Hh09G018759,PLI-¦Ã,3.94251132,811,5,8.35633564,1067,163,182
PLI,Hh09G018748,PLI-¦Ã,Hh09G018751,PLI-¦Ã,5.243327618,600,5,8.862647057,750,133,125
PLI,Hh09G018748,PLI-¦Ã,Hh09G018752,PLI-¦Ã,14.68651009,401,5,21.52947426,479,66,78
PLI,Hh09G018748,PLI-¦Ã,Hh09G018753,PLI-¦Ã,23.7800808,1257,5,26.11647415,1331,129,220
PLI,Hh09G018748,PLI-¦Ã,Hh09G018755,PLI-¦Ã,2.507423639,720,5,4.576740265,879,152,145
PLI,Hh09G018748,PLI-¦Ã,Hh09G018756,PLI-¦Ã,13.3275547,614,5,16.09397507,676,124.5,108
PLI,Hh09G018748,PLI-¦Ã,Hh09G018757,PLI-¦Ã,16.02152824,638,5,17.31943893,663,128.5,104
PLI,Hh09G018748,PLI-¦Ã,Hh09G018758,PLI-¦Ã,14.47233009,586,4,15.927742,611,112.5,100
PLI,Hh09G018748,PLI-¦Ã,Hh09G018759,PLI-¦Ã,2.493892431,674,5,5.781984329,843,194,142
PLI,Hh09G018751,PLI-¦Ã,Hh09G018752,PLI-¦Ã,2.886615992,228,5,5.037524223,262,93.5,43
PLI,Hh09G018751,PLI-¦Ã,Hh09G018753,PLI-¦Ã,2.718238592,514,5,12.41540909,757,138.5,127
PLI,Hh09G018751,PLI-¦Ã,Hh09G018755,PLI-¦Ã,3.752281904,774,5,14.46320057,986,224,160
PLI,Hh09G018751,PLI-¦Ã,Hh09G018756,PLI-¦Ã,0.642624617,249,5,1.148280382,303,67,54
PLI,Hh09G018751,PLI-¦Ã,Hh09G018757,PLI-¦Ã,17.97842979,590,3,20.54460526,623,61,102
PLI,Hh09G018751,PLI-¦Ã,Hh09G018758,PLI-¦Ã,0.598277986,223,5,3.15827322,319,64.5,55
PLI,Hh09G018751,PLI-¦Ã,Hh09G018759,PLI-¦Ã,2.774586916,933,5,3.3505826,1014,276,168
PLI,Hh09G018752,PLI-¦Ã,Hh09G018753,PLI-¦Ã,6.314807892,335,5,9.553402901,396,78,65
PLI,Hh09G018752,PLI-¦Ã,Hh09G018755,PLI-¦Ã,18.41772461,582,4,18.56921577,585,76,98
PLI,Hh09G018752,PLI-¦Ã,Hh09G018756,PLI-¦Ã,9.358758926,208,5,13.71579838,243,38,42
PLI,Hh09G018752,PLI-¦Ã,Hh09G018757,PLI-¦Ã,23.61284637,443,1,23.61284637,443,47,69
PLI,Hh09G018752,PLI-¦Ã,Hh09G018758,PLI-¦Ã,8.387430191,258,5,11.40187931,293,40,49
PLI,Hh09G018752,PLI-¦Ã,Hh09G018759,PLI-¦Ã,3.295968294,217,3,3.748180866,226,83,39
PLI,Hh09G018753,PLI-¦Ã,Hh09G018755,PLI-¦Ã,19.73003006,919,3,20.01049995,927,186,156
PLI,Hh09G018753,PLI-¦Ã,Hh09G018756,PLI-¦Ã,6.850594044,271,5,15.73436832,375,78,63
PLI,Hh09G018753,PLI-¦Ã,Hh09G018757,PLI-¦Ã,17.06939316,447,1,17.06939316,447,69.5,74
PLI,Hh09G018753,PLI-¦Ã,Hh09G018758,PLI-¦Ã,5.914902687,294,5,11.5964365,369,95,60
PLI,Hh09G018753,PLI-¦Ã,Hh09G018759,PLI-¦Ã,19.19172287,843,1,19.19172287,843,203.5,141
PLI,Hh09G018755,PLI-¦Ã,Hh09G018756,PLI-¦Ã,9.312549591,511,5,11.65933609,554,117.5,90
PLI,Hh09G018755,PLI-¦Ã,Hh09G018757,PLI-¦Ã,4.323859215,445,5,8.144226074,552,98.5,92
PLI,Hh09G018755,PLI-¦Ã,Hh09G018758,PLI-¦Ã,3.948790312,438,5,7.057685375,528,136,89
PLI,Hh09G018755,PLI-¦Ã,Hh09G018759,PLI-¦Ã,1.760752559,872,5,8.116072655,1149,295,192
PLI,Hh09G018756,PLI-¦Ã,Hh09G018757,PLI-¦Ã,1.682280898,633,5,5.486207962,873,363,131
PLI,Hh09G018756,PLI-¦Ã,Hh09G018758,PLI-¦Ã,1.158039808,583,5,5.138749599,805,348.5,122
PLI,Hh09G018756,PLI-¦Ã,Hh09G018759,PLI-¦Ã,2.731082678,386,5,6.264469147,515,110.5,85
PLI,Hh09G018757,PLI-¦Ã,Hh09G018758,PLI-¦Ã,1.062577367,551,5,3.455070972,818,331,123
PLI,Hh09G018757,PLI-¦Ã,Hh09G018759,PLI-¦Ã,4.429204464,480,5,14.70389748,693,112.5,113
PLI,Hh09G018758,PLI-¦Ã,Hh09G018759,PLI-¦Ã,3.282104254,419,5,11.56913757,620,103.5,103
